PropType,Coverage,Listings
Commercial multi-unit,0.9306675392670157,388629
Residential condominium,0.23625414961784916,213101
Single-family,0.05444926961075656,115728
Small multi-unit,0.4329547380912019,20991
